H,o,w, ,d,o, ,I, ,g,e,t, ,a, ,g,l,o,b,a,l, ,e,n,t,r,y, ,c,a,r,d
I,s, ,a, ,v,i,s,a, ,n,e,c,e,s,s,a,r,y, ,a,n,d, ,h,o,w, ,d,o, ,y,o,u, ,o,b,t,a,i,n, ,i,t
H,o,w, ,t,o, ,s,e,t, ,u,p, ,s,u,r,v,e,i,l,l,a,n,c,e
W,h,a,t, ,a,r,e, ,t,h,e, ,t,o,p,-,r,e,c,o,m,m,e,n,d,e,d, ,a,t,t,r,a,c,t,i,o,n,s
F,i,n,d, ,a, ,p,e,t,-,s,i,t,t,e,r,.
t,r,a,v,e,l, ,i,n, ,d,e,v,e,l,o,p,i,n,g, ,c,o,u,n,t,r,i,e,s, ,H,o,w, ,t,o, ,t,r,a,v,e,l, ,a,s, ,a,n, ,A,m,e,r,i,c,a,n, ,i,n, ,d,e,v,e,l,o,p,i,n,g, ,c,o,u,n,t,r,i,e,s
C,a,n, ,I, ,g,e,t, ,a, ,U,K, ,s,t,u,d,y, ,v,i,s,a, ,w,i,t,h,o,u,t, ,I,E,L,T,S
i,n,t,e,r,n,a,t,i,o,n,a,l, ,d,r,i,v,i,n,g, ,l,i,c,e,n,c,e, ,Y,o,u, ,a,r,e, ,c,o,n,s,i,d,e,r,i,n,g, ,o,f, ,a,p,p,l,y,i,n,g, ,f,o,r, ,a,n, ,i,n,t,e,r,n,a,t,i,o,n,a,l, ,d,r,i,v,i,n,g, ,l,i,c,e,n,s,e,.
H,o,w, ,f,a,s,t, ,d,o, ,y,o,u, ,h,a,v,e, ,t,o, ,g,o, ,t,o, ,t,r,a,v,e,l, ,t,h,r,o,u,g,h, ,t,i,m,e
H,o,w, ,t,o, ,c,h,o,o,s,e, ,l,o,c,a,l, ,t,r,a,n,s,p,o,r,t,a,t,i,o,n
C,a,n, ,y,o,u, ,w,o,r,k, ,i,n, ,t,h,e, ,U,K, ,w,h,i,l,e, ,o,n, ,a, ,s,t,u,d,e,n,t, ,v,i,s,a
W,h,i,c,h, ,a,i,r,l,i,n,e,s, ,p,a,r,t,i,c,i,p,a,t,e, ,i,n, ,T,S,A, ,P,r,e,C,h,e,c,k
H,o,w, ,m,u,c,h, ,d,o,e,s, ,i,t, ,c,o,s,t, ,t,o, ,r,e,g,i,s,t,e,r, ,f,o,r, ,T,S,A, ,P,r,e,C,h,e,c,k
H,o,w, ,t,o, ,m,a,k,e, ,h,o,m,e, ,c,o,m,f,o,r,t,a,b,l,e, ,f,o,r, ,p,e,t
H,o,w, ,l,o,n,g, ,i,s, ,p,r,e,-,c,h,e,c,k, ,g,o,o,d, ,f,o,r
W,h,a,t, ,t,o, ,p,a,c,k, ,w,i,t,h, ,m,e
H,o,w, ,c,o,u,l,d, ,t,r,a,v,e,l,i,n,g, ,b,a,c,k, ,a,n,d, ,f,o,r,t,h, ,i,n, ,t,i,m,e, ,c,a,u,s,e, ,p,r,o,b,l,e,m,s, ,i,n, ,t,h,e, ,u,n,i,v,e,r,s,e
W,h,a,t, ,c,o,u,n,t,r,i,e,s, ,a,c,c,e,p,t, ,i,n,t,e,r,n,a,t,i,o,n,a,l, ,d,r,i,v,i,n,g, ,p,e,r,m,i,t
W,h,a,t, ,a,r,e, ,A,m,e,r,i,c,a, ,u,n,f,r,i,e,n,d,l,y, ,c,o,u,n,t,r,i,e,s
H,o,w, ,t,o, ,p,e,t,-,p,r,o,o,f, ,t,h,e, ,h,o,u,s,e
H,o,w, ,l,o,n,g, ,d,o,e,s, ,i,t, ,t,a,k,e, ,f,o,r, ,a, ,g,l,o,b,a,l, ,e,n,t,r,y, ,a,p,p,l,i,c,a,t,i,o,n, ,t,o, ,b,e, ,a,p,p,r,o,v,e,d
W,h,a,t, ,f,o,r,u,m,s, ,t,o, ,s,e,a,r,c,h, ,a,t, ,f,o,r, ,g,u,i,d,e,l,i,n,e,s
C,a,n, ,h,i,s,t,o,r,y, ,b,e, ,a,l,t,e,r,e,d, ,w,i,t,h,o,u,t, ,c,o,n,s,e,q,u,e,n,c,e,s
W,h,e,r,e, ,t,o, ,b,u,y, ,t,r,a,v,e,l, ,i,n,s,u,r,a,n,c,e
W,h,a,t, ,c,o,u,n,t,r,i,e,s, ,a,c,c,e,p,t, ,G,l,o,b,a,l, ,E,n,t,r,y, ,W,o,r,k
A,r,e, ,t,h,e,r,e, ,a,n,y, ,c,u,l,t,u,r,a,l, ,e,v,e,n,t,s, ,i,n, ,N,o,v,e,m,b,e,r
W,h,a,t, ,m,e,d,i,c,a,t,i,o,n,s, ,t,o, ,t,a,k,e, ,w,i,t,h, ,m,e
W,h,a,t, ,i,s, ,t,h,e, ,c,o,s,t, ,o,f, ,g,e,t,t,i,n,g, ,i,n,t,e,r,n,a,t,i,o,n,a,l, ,d,r,i,v,i,n,g, ,l,i,c,e,n,s,e
F,i,n,d, ,r,e,c,o,m,m,e,n,d,e,d, ,i,t,i,n,e,r,a,r,i,e,s,.
H,o,w, ,l,o,n,g, ,d,o,e,s, ,i,t, ,t,a,k,e, ,t,o, ,g,e,t, ,a, ,s,t,u,d,e,n,t, ,v,i,s,a, ,f,o,r, ,t,h,e, ,U,K
